,URL
0,https://www.free-work.com/fr/tech-it/consultant-microsoft-sharepoint-365/job-mission/technical-architect-lead-infrastructure-team-management-remote-working-h-f
1,https://www.free-work.com/fr/tech-it/developpeur-autre-langage-cobol-perl-vba-ruby-shell/job-mission/developpeur-rust-full-remote-2
2,https://www.free-work.com/fr/tech-it/developpeur-java-kotlin-groovy-scala/job-mission/developpeur-front-end-expert-angular-casabalanca-100-remote
3,https://www.free-work.com/fr/tech-it/business-analyst/job-mission/digital-business-solution-analyst
4,https://www.free-work.com/fr/tech-it/community-manager-social-media-manager/job-mission/engineering-manager-40
5,https://www.free-work.com/fr/tech-it/architecte-de-base-de-donnees/job-mission/architecte-principal-iam-h-f
6,https://www.free-work.com/fr/tech-it/autre/job-mission/deviens-auteur-limpresison-3d-avec-sketchup-1
7,https://www.free-work.com/fr/tech-it/developpeur-front-end-javascript-node-react-angular-vue/job-mission/backend-engineer-node
8,https://www.free-work.com/fr/tech-it/autre/job-mission/deviens-auteur-les-tests-dintrusion-pentest-2
9,https://www.free-work.com/fr/tech-it/developpeur-autre-langage-cobol-perl-vba-ruby-shell/job-mission/lead-developpeur-c-h-f-teletravail
10,https://www.free-work.com/fr/tech-it/autre/job-mission/senior-integration-architect-1
11,https://www.free-work.com/fr/tech-it/administrateur-de-base-de-donnee-oracle-sybase/job-mission/dba-de-production-oracle-h-f
12,https://www.free-work.com/fr/tech-it/ingenieur-devops-cloud/job-mission/infra-devops-full-remote-part-time-2-ou-3-j-semaine
13,https://www.free-work.com/fr/tech-it/scrum-master/job-mission/scrum-master-senior-fluent-anglais-30
14,https://www.free-work.com/fr/tech-it/developpeur-front-end-javascript-node-react-angular-vue/job-mission/developpeur-node-js-87
15,https://www.free-work.com/fr/tech-it/autre/job-mission/specialiste-divalto-h-f-au-canada
